CR,CR_active,total_mean(ARPU),paid_mean(ARPPU),paid_median,paid_mode
0.728,5.072,6.268018784455183,860.71,690.0,290.0
0.725,4.616,8.036170592655681,1108.825,935.0,1900.0
